INSERT INTO PAIS(NOME,CONTINENTE,CAPITAL,LINGUA) VALUES ('FRANCA', 'EUROPA', 'PARIS', 'FRANCES');
INSERT INTO PAIS(NOME,CONTINENTE,CAPITAL,LINGUA) VALUES ('INGLATERRA', 'EUROPA', 'LONDRES', 'INGLES');
INSERT INTO PAIS(NOME,CONTINENTE,CAPITAL,LINGUA) VALUES ('CHINA', 'ASIA', 'BEIJING', 'CHINES');
INSERT INTO PAIS(NOME,CONTINENTE,CAPITAL,LINGUA) VALUES ('RUSSIA', 'EUROPA', 'MOSCOU', 'RUSSO');

INSERT INTO PRESTADORSERVICO(EMAIL,NOME,SENHA,PAIS) VALUES ('lucas@email.com', 'lucas', '123', 'FRANCA');
INSERT INTO PRESTADORSERVICO(EMAIL,NOME,SENHA,PAIS) VALUES ('daniel@email.com', 'daniel', '321', 'INGLATERRA');

INSERT INTO AREAATUACAO(PRESTADOR,AREA) VALUES('lucas@email.com','PARAQUEDISMO');
INSERT INTO AREAATUACAO(PRESTADOR,AREA) VALUES('daniel@email.com','MERGULHO');

INSERT INTO SERVICO(PRESTADOR,NOME,PAIS,DESCRICAO,CIDADE,ESTADO,RUA,NUMERO,COMPLEMENTO) VALUES ('lucas@email.com','PARAQUEDISMO FRANCES','FRANCA',NULL,'PARIS','ILE-DE-FRANCE','RUE ROYALE',15,NULL);
INSERT INTO SERVICO(PRESTADOR,NOME,PAIS,DESCRICAO,CIDADE,ESTADO,RUA,NUMERO,COMPLEMENTO) VALUES ('daniel@email.com','MERGULHO INGLES','INGLATERRA','MERGULHO NO RIO','LONDRES','GREATER LONDON','GEORGE ST',2304,NULL);
INSERT INTO SERVICO(PRESTADOR,NOME,PAIS,DESCRICAO,CIDADE,ESTADO,RUA,NUMERO,COMPLEMENTO) VALUES ('lucas@email.com','PARAQUEDAS DO LUCAS','FRANCA',NULL,'PARIS','ILE-DE-FRANCE','RUE ROYALE',15,NULL);
INSERT INTO SERVICO(PRESTADOR,NOME,PAIS,DESCRICAO,CIDADE,ESTADO,RUA,NUMERO,COMPLEMENTO) VALUES ('daniel@email.com','SNORKEL DO DANIEL','INGLATERRA','MERGULHO NO RIO','LONDRES','GREATER LONDON','GEORGE ST',2304,NULL);


INSERT INTO LOCACAOEQUIP(PRESTADOR,NOMESERVICO,NOMEEQUIP,DESCRICAO,VALOREQUIP,CATEGORIA,QUANTDISP) VALUES ('lucas@email.com', 'PARAQUEDAS DO LUCAS', 'PARAQUEDAS',NULL,199.50,NULL,5);
INSERT INTO LOCACAOEQUIP(PRESTADOR,NOMESERVICO,NOMEEQUIP,DESCRICAO,VALOREQUIP,CATEGORIA,QUANTDISP) VALUES ('daniel@email.com', 'SNORKEL DO DANIEL', 'SNORKEL',NULL,50,NULL,30);

INSERT INTO TIPOSERVICO(PRESTADOR,NOMESERVICO,TIPO) VALUES ('lucas@email.com', 'PARAQUEDISMO FRANCES', 'ATIVIDADE');
INSERT INTO TIPOSERVICO(PRESTADOR,NOMESERVICO,TIPO) VALUES ('daniel@email.com', 'MERGULHO INGLES', 'ATIVIDADE');

INSERT INTO ATIVIDADE(PRESTADOR,NOMESERVICO,VALORATIVIDADE) VALUES ('lucas@email.com','PARAQUEDISMO FRANCES',899.99);
INSERT INTO ATIVIDADE(PRESTADOR,NOMESERVICO,VALORATIVIDADE) VALUES ('daniel@email.com','MERGULHO INGLES',399.99);

INSERT INTO RESTRICOES(PRESTADOR,NOMESERVICO,RESTRICAO) VALUES ('lucas@email.com','PARAQUEDISMO FRANCES','NAO RECOMENDADO PARA GESTANTES');
INSERT INTO RESTRICOES(PRESTADOR,NOMESERVICO,RESTRICAO) VALUES ('daniel@email.com','MERGULHO INGLES','NAO RECOMENDADO PARA MENORES DE 10 ANOS');

INSERT INTO TURISTA(EMAIL,NOME,SENHA,PAIS) VALUES ('mateus@email.com', 'Mateus', '123', 'CHINA');
INSERT INTO TURISTA(EMAIL,NOME,SENHA,PAIS) VALUES ('gabriel@email.com', 'Gabriel', '123', 'RUSSIA');
INSERT INTO TURISTA(EMAIL,NOME,SENHA,PAIS) VALUES ('ana@email.com', 'Ana', '123', 'CHINA');
INSERT INTO TURISTA(EMAIL,NOME,SENHA,PAIS) VALUES ('bia@email.com', 'Bia', '123', 'RUSSIA');

INSERT INTO GRUPO(ADMINISTRADOR,NOME,DESCRICAO) VALUES ('mateus@email.com', 'GRUPO MAT', 'GROPO COM O MATEUS');
INSERT INTO GRUPO(ADMINISTRADOR,NOME,DESCRICAO) VALUES ('gabriel@email.com', 'GRUPO GAB', NULL);

INSERT INTO MEMBROGRUPO(ADMINGRUPO,NOMEGRUPO,MEMBRO) VALUES ('mateus@email.com', 'GRUPO MAT', 'ana@email.com');
INSERT INTO MEMBROGRUPO(ADMINGRUPO,NOMEGRUPO,MEMBRO) VALUES ('mateus@email.com', 'GRUPO MAT', 'gabriel@email.com');
INSERT INTO MEMBROGRUPO(ADMINGRUPO,NOMEGRUPO,MEMBRO) VALUES ('gabriel@email.com', 'GRUPO GAB', 'bia@email.com');

INSERT INTO VIAGEM(ADMINGRUPO,NOMEGRUPO,DATAIDA,DURACAO) VALUES ('mateus@email.com', 'GRUPO MAT', TO_DATE('01/05/2021', 'DD/MM/YYYY'), 20);
INSERT INTO VIAGEM(ADMINGRUPO,NOMEGRUPO,DATAIDA,DURACAO) VALUES ('gabriel@email.com', 'GRUPO GAB', TO_DATE('31/12/2021', 'DD/MM/YYYY'), 5);

INSERT INTO HOTEL(PAIS,REGISTRO,NOME,CIDADE,ESTADO,RUA,NUMERO,COMPLEMENTO) VALUES ('FRANCA','12345678-9','Lafayette', 'PARIS', 'ILE-DE-FRANCE', 'Rue des Messageries', 23, NULL);
INSERT INTO HOTEL(PAIS,REGISTRO,NOME,CIDADE,ESTADO,RUA,NUMERO,COMPLEMENTO) VALUES ('INGLATERRA','891283912-8','PARK PLAZA', 'LONDRES', 'GREATER LONDON', 'Westminster Bridge Rd', 200, NULL);

INSERT INTO QUARTO(PAISHOTEL,REGISTROHOTEL,NUMERO,CATEGORIA,PRECO) VALUES ('FRANCA', '12345678-9', '11A', 'KING', 350);
INSERT INTO QUARTO(PAISHOTEL,REGISTROHOTEL,NUMERO,CATEGORIA,PRECO) VALUES ('INGLATERRA', '891283912-8', '345', 'DELUXE', 1049.99);

INSERT INTO HOSPEDAGEM(IDVIAGEM,IDQUARTO,DATARESERVA,DURACAO,COMENTARIO,NOTA,VALORTOTAL) VALUES (1, 1, TO_DATE('01/05/2021', 'DD/MM/YYYY'), 20, NULL, NULL, 1320);
INSERT INTO HOSPEDAGEM(IDVIAGEM,IDQUARTO,DATARESERVA,DURACAO,COMENTARIO,NOTA,VALORTOTAL) VALUES (2, 2, TO_DATE('31/12/2021', 'DD/MM/YYYY'), 5, 'MUITO BOM', 5, 123.50);

INSERT INTO RESTAURANTE(PAIS,REGISTRO,NOME,CIDADE,ESTADO,RUA,NUMERO,COMPLEMENTO) VALUES ('FRANCA', '000000', 'ROUGE', 'PARIS', 'ILE-DE-FRANCE', 'Rue de Surene',41,NULL);
INSERT INTO RESTAURANTE(PAIS,REGISTRO,NOME,CIDADE,ESTADO,RUA,NUMERO,COMPLEMENTO) VALUES ('INGLATERRA', '1231312', 'THE GRENADIER', 'LONDRES', 'GREATER LONDON', 'WILTON ROW',18,NULL);

INSERT INTO ALIMENTACAO(IDVIAGEM,PAIS,RESTAURANTE,DATAVISITA,COMENTARIO,NOTA) VALUES(1,'FRANCA','000000', TO_DATE('01/05/2021', 'DD/MM/YYYY'), 'BOM', 5);
INSERT INTO ALIMENTACAO(IDVIAGEM,PAIS,RESTAURANTE,DATAVISITA,COMENTARIO,NOTA) VALUES(2,'INGLATERRA','1231312', TO_DATE('01/01/2021', 'DD/MM/YYYY'), 'RUIM', 1);

INSERT INTO TRANSPORTE(PAISORIGEM,PAISDESTINO,EMPRESA,DATATRANSPORTE,HORA,DURACAO,VALOR,MODALIDADE,IDVIAGEM) VALUES ('FRANCA', 'INGLATERRA', 'COMETA', TO_DATE('01/05/2021', 'DD/MM/YYYY'), '12:25',3, 400, 'TREM', 1);
INSERT INTO TRANSPORTE(PAISORIGEM,PAISDESTINO,EMPRESA,DATATRANSPORTE,HORA,DURACAO,VALOR,MODALIDADE,IDVIAGEM) VALUES ('INGLATERRA', 'FRANCA', 'TAM', TO_DATE('12/12/2021', 'DD/MM/YYYY'), '09:55', 1, 1500, 'AVIAO', 2);

INSERT INTO CONTRATOSERVICO(ADMINGRUPO,NOMEGRUPO,PRESTADOR,NOMESERVICO,DATAINICIO,HORAINICIO,DATAFIM,HORAFIM,COMENTARIO,NOTA,NUMPARTICIPANTES,NUMEQUIPAMENTOS,VALORTOTAL,IDVIAGEM) 
VALUES ('mateus@email.com', 'GRUPO MAT', 'lucas@email.com', 'PARAQUEDISMO FRANCES', TO_DATE('01/05/2021', 'DD/MM/YYYY'), '12:30', TO_DATE('01/05/2021', 'DD/MM/YYYY'), '16:30', 'MUITO BOM', 5, 3, 3, 1000, 1);
INSERT INTO CONTRATOSERVICO(ADMINGRUPO,NOMEGRUPO,PRESTADOR,NOMESERVICO,DATAINICIO,HORAINICIO,DATAFIM,HORAFIM,COMENTARIO,NOTA,NUMPARTICIPANTES,NUMEQUIPAMENTOS,VALORTOTAL,IDVIAGEM) 
VALUES ('gabriel@email.com', 'GRUPO GAB', 'daniel@email.com', 'MERGULHO INGLES', TO_DATE('01/05/2021', 'DD/MM/YYYY'), '12:30', TO_DATE('01/05/2021', 'DD/MM/YYYY'), '16:30', NULL, NULL, 2, 3, 250, 2);

